username,mutual_connecting,total_following,total_followers,name,private_account,business_account,recently_joined,total_likes,total_comments,total_posts,follow_back
7olga7777777,0,107,69,ĞĞ»ÑŒĞ³Ğ° ĞŸĞµÑ‚Ñ€Ğ¸ÑˆĞ¸Ğ½Ğ°,0,0,0,61,7,2,1
aadamkathst,2,212,40,aadam kathst,0,0,0,43,0,12,1
aadish___khan,2,116,65,aadish___khan,0,0,0,184,6,18,0
aarzoo6466,2,222,40,Aarzoo Khan,0,1,1,3,0,1,0
abbasyadavad,0,25,17,Abbas Yadavad,0,0,0,3,0,2,0
abhay_raj001,0,30,72,Abhay raj singh,1,0,0,65,9,4,0
abhijit842073,1,171,28,Abhijit Das,0,0,0,1,0,1,0
abhishekmishra2764,1,84,46,abhishek mishra,0,0,0,159,5,11,1
abhishek_choudhary97,1,110,76,abhishek choudhary,0,0,0,21,3,1,0
adityababu2001,0,115,79,Aditya bhat,0,0,0,128,36,7,0
alenka_19830404,0,33,48,Ğ°Ğ»ĞµĞ½Ğ° ÑĞ¾Ğ»Ğ¾Ğ´ĞºĞ°Ñ,0,0,0,30,3,2,0
alexandr_shegolev228,2,44,37,Alexandr Shegolev,0,0,0,4,0,1,0
amaresh511,0,43,30,Amaresh mishra,0,0,0,3,3,1,1
anish_kumar0709,2,61,79,Anish kumar,0,0,0,364,15,38,0
anynaxandkatya,2,82,78,AnyNax & Katya,0,0,0,178,8,8,0
arun.siva.9678067,0,50,33,Arun Siva,0,0,1,10,0,1,0
aryanranjit9,1,116,50,aryan ranjit,0,0,0,13,0,2,0
aryan_raaz009,1,124,163,AMARESH KUMAR,0,0,0,99,7,15,0
ashokkumarkeer96,2,224,46,ASHOK KUMAR KEER,0,0,0,45,4,5,0
ashrafali7726,0,90,60,Ashraf khan,0,0,0,15,1,1,0
ashu_king_78,2,140,32,Ashu King,0,0,0,37,15,3,1
avenuestreetwear6,0,1293,98,Avenue-Streetwear,0,1,0,255,21,25,0
bablu.khatik.90,1,50,36,Bablu Khatik,0,0,0,4,0,1,0
baluyadav225,0,130,23,balu yadav,0,0,0,4,0,1,0
baria1423,0,87,42,Ankit _baria,0,0,0,155,0,12,0
basquetjem,0,1478,354,Jorge Enrique Morales,0,0,0,316,5,29,0
bharattailorbharattailor,7,289,164,Bharat Tailor Bharat Tailor,0,0,0,217,5,12,0
bherulal.yadav.779,2,10,24,Bheru Lal Yadav,0,0,0,8,0,2,0
bnwt7961,1,1909,986,Ø¨Ù†ÙˆØªÙ‡ ÙƒÙŠÙˆØª,0,0,0,2476,514,56,0
bungterhiru,1,60,16,Bungte Rhiru Roshan,0,0,0,7,0,1,0
bunnyjoshi6425,0,124,96,Deepak joshi...,0,0,0,28,2,1,1
chotulal.gurjar.779,10,2214,564,Chotu Lal Gurjar,0,1,0,2829,78,66,0
cute_khushi_5,1,636,607,cute khushi 5 ğŸ˜Š ğŸ˜˜ ğŸ˜˜,0,0,0,1839,218,33,1
d.k.raj_official,6,323,309,D. K. Raj official,0,0,0,2511,30,194,0
dadheechdev953,2,178,57,Dev Dadheech,0,0,0,11,0,1,1
dadhichbrijesh,10,597,251,brijesh dadhich,0,0,0,936,10,31,0
danishansari7604,2,23,15,Danish Ansari,0,0,0,1,0,1,0
dasharath824,1,118,40,parmar dasharath,0,0,0,77,0,9,0
dasudemangal,3,15,22,md_21,0,0,0,15,0,4,0
davchauhan21,1,50,45,dav chauhan,0,0,1,16,0,5,1
deewani_kanha_ki,4,736,226,kanha _Ki _ Deewani,0,0,0,2848,42,123,0
dhakarshyamlal,1,147,78,shyam lal dhakar,0,0,0,116,6,7,0
dilaxanm,0,95,52,Dila Xanm,0,0,0,73,5,13,0
ds_78884,1,72,49,solanki dev,0,0,0,6,1,1,0
elenazakharova770,1,61,50,Elena zakharova,0,0,0,106,5,25,0
emin.mamedov3,0,10,44,emin.mamedov,0,0,0,3,0,1,0
faizovzula,2,121,44,Ñ€Ğ°Ñ„Ğ°Ğ¸Ğ»,0,0,0,10,1,1,0
fitkailash24,5,599,548,Kailash Prajapat,0,1,0,1346,29,55,0
gabbar_imran,0,123,53,imran gabbar,0,0,0,47,8,5,0
ganeshga19,2,100,35,Ganesh gani,0,0,0,41,4,5,0
gaurav_varnani,0,495,1012,Gudduâ¤,0,1,0,8972,990,34,0
goluyadavathondna,1,194,33,Golu Yadav Athondna,0,0,0,19,1,2,0
govindbaroliyagovindbaroliya3,1,91,39,govind,0,0,0,1,0,1,0
govindkumar9407,2,37,38,Govind Kumar,0,0,0,10,0,1,0
gp6922269,0,17,16,Gobinda Pradhan,0,0,0,6,1,2,0
grigoruk.valentina,2,40,42,Ğ²Ğ°Ğ»ĞµĞ½Ñ‚Ğ¸Ğ½Ğ° Ğ³Ñ€Ğ¸Ğ³Ğ¾Ñ€ÑƒĞº,0,0,0,6,0,1,0
grihan_eventmanagement,1,350,54,Grihan,0,1,0,121,3,10,1
hareram6610,2,24,45,Hareram kumar singh,0,0,0,24,0,3,0
harshranjanharshranjan,1,20,29,Harshranjan,0,0,0,9,0,1,1
harsh_dadheech36,1,76,21,Harsh Dadheech,0,0,0,15,1,3,1
ilyaskineev,3,22,17,Ilyas Kineev,0,0,0,30,0,6,0
irshadalam4476,0,104,99,Irshad Alam,0,0,0,98,0,6,0
i_am_manish_saini,0,114,44,Manish Saini,0,0,0,75,1,11,0
jangidharesh13,1,1575,876,Haresh,0,0,0,2010,89,30,0
jayesh_144_chohan,4,615,232,ğŸ”«ğŸ”« à¤²à¤‚à¤•à¤¾à¤ªà¤¤à¤¿ à¤°à¤¾à¤µà¤£ âŒâŒ chohan ğŸ”±ğŸ”±,0,0,0,1837,86,92,1
jimadanyadav,1,84,31,madan yadav ji,0,0,0,23,1,2,0
jitendrakumaryadav60,0,84,56,Jitendra Kumar Yadav,0,0,0,20,0,4,0
jyotipanwarr,2,69,26,words,0,0,0,16,1,4,0
kailashsinghchouhan1998,1,25,23,Abhi Rajput,0,0,0,5,2,2,0
kamarajpoongodi,0,83,31,Kamaraj Poongodi,0,0,0,5,0,1,0
kamlesh.dadheech,1,83,58,Kamlesh Dadheech,0,0,0,19,0,2,0
kanakmalnayak219,1,429,51,Ajay chan,0,0,0,24,0,2,0
karenkhanferian,1,50,40,ĞšĞ°Ñ€ĞµĞ½,0,0,0,8,2,1,0
kathat43,3,311,70,mahendra kathat,0,0,0,9,0,1,0
khatik196,6,788,250,mahendra khatik,0,0,0,890,20,23,0
ki.shan1377,4,418,55,kishan k.s. r,0,0,0,76,10,7,0
kingramzan5,0,72,47,king Ramzan,0,0,0,86,10,8,0
kirankiran88725,3,46,17,Kirankiran8872,0,0,0,9,7,1,0
kirti.thakor.1029,1,24,20,Kirti Thakor,0,0,0,2,0,1,0
kr.satya_,2,72,45,S_A_T_Y_A_@2526,0,0,0,80,6,4,0
kshl143arjun,2,284,43,kaushal,0,0,0,6,0,1,1
laishramechan6,0,171,56,laishramechan,0,0,0,9,0,1,0
lcvelysunrise,0,119,50,brandi ğŸŒŠğŸ¤ŸğŸ» | 0.05k,0,0,0,33,10,2,0
liudmilamasakova,1,21,47,Ğ›ÑĞ´Ğ¼Ğ¸Ğ»Ğ° ĞœĞ°ÑĞ°ĞºĞ¾Ğ²Ğ°,0,0,0,8,0,1,0
mahendrakumaemahendrakumar,2,47,21,Mahendra Kumae Mahendra Kumar,0,0,0,3,0,1,0
manishkumaronet786,2,117,83,Manish Kumar,0,0,0,205,7,26,0
manishsaheri,0,123,38,manish saheriya,0,0,0,22,0,10,1
manu_sen01,3,274,310,Mohit sen,0,0,0,861,247,14,0
mcdermott.miles,3,26,20,Miles McDermott,0,0,0,3,2,5,1
meera_diagnostic_sec14_udaipur,1,74,42,meera diagnostics,0,0,0,63,0,5,0
meghwanshiprakash8,1,143,68,prakash Meghwanshi,0,0,0,35,1,4,0
mohitgora143,0,48,42,mohitgora143,0,0,0,34,1,3,0
mrsahilvats,0,2597,3574,Sahil Vats,0,1,0,32252,2084,196,0
muntun23,3,118,41,Muntun yadav,0,0,0,79,0,6,1
narendrakumhar08,3,22,44,Narendra prajapat,0,0,0,27,1,4,0
naveen.nav.35977,1,49,55,Naveen Nav,0,0,0,8,2,1,0
naveenraj.naveenraj.1447342,6,202,48,Naveen Raj,0,0,0,35,4,5,0
nawaab_yadav_king,6,155,96,Nawab Guddu Yadav,0,0,0,233,21,11,0
nazanineb7,0,841,223,nazanin ebadi,0,0,1,257,12,5,0
nelsonamkujur,0,13,37,Nelsonam Kujur,0,0,0,33,0,4,0
nikiiysolankiy,1,339,76,nikiiy solankiy,0,0,0,145,1,13,0
nikitakolitee,1,108,44,ĞĞ¸ĞºĞ¸Ñ‚Ğ° ĞšĞ¾Ğ»Ğ¸Ñ‚ĞµĞµĞ²ÑĞºĞ¸Ğ¹,0,0,0,138,1,16,0
nishu__1185,1,231,83,Nishant Chauhan,0,0,0,365,8,30,1
nitish6903,5,85,26,Nitish YaDav,0,0,0,5,0,1,0
nndraay,3,49,37,à¤¶à¥à¤¯à¤¾à¤® à¤²à¤¾à¤² à¤¨à¤‚à¤¦à¤°à¤¾à¤¯,0,0,0,27,0,10,0
official_rohit_1234,2,23,90,Å”Å‘hÃ­Å¥ Å”aÅ„a,0,0,0,95,10,2,0
pabitra_sheikh,1,419,120,PÃ bÃ¬trÃ ,0,0,0,553,26,36,0
parshantambawta,1,81,91,ParshantğŸ˜ambawtağŸ˜˜,0,0,0,378,17,16,0
pavanlotti,1,343,33,pavanlotti,0,0,0,14,2,1,0
pawanchaurasiya2414,2,209,42,Pawan,0,0,0,5,0,2,0
pawankumarmahto692,2,392,36,pawan Kumar mahto,0,0,0,5,0,1,0
pawansahu903,3,54,42,pawansahu,0,0,0,57,0,9,0
pmhaveerprasad,2,174,53,Mhaveer Prasad Prajapati,0,0,0,60,2,5,1
pndit_mohit_radheshyam_vyas,1,165,82,PMÅ”v,0,0,0,50,7,1,0
pragya_ajit_karn,0,40,57,pragya ajit karn,0,0,0,9,2,1,0
prak.ash75,1,121,38,Prakash Chacha,0,0,0,47,1,4,1
prakashpandeysikariya,2,43,33,Prakash Pandey,0,0,0,27,4,4,0
prakeshvishanv,2,3295,965,Prakash,0,1,0,10159,170,400,1
pramod_vaishnav_20,3,973,1001,ğŸ‘‘P_R_A_M_O_D_V_A_I_S_H_N_A _VğŸ‘‘,1,0,0,9117,104,596,0
pratibha.srivastava.547389,0,53,86,Pratibha Srivastava,0,0,0,65,1,3,0
prerna_chaudhary768,1,192,1021,chinuğŸ’–ğŸ’–,0,1,0,7522,844,68,0
proficient__bishnoi,1,125,58,proficient__bishnoi2629,0,0,0,69,3,5,0
rafik.kathat.3766,1,44,24,Rafik Kathat,0,0,1,8,0,1,0
raghokumarraghokumar,1,124,22,Ragho Kumar Ragho Kumar,0,0,0,1,0,6,0
rahul___tailor,2,132,57,Rahul tailor,0,0,0,60,15,4,0
rajendraprasad944,1,13,21,Rajendra Prasad Gupta,0,0,0,20,0,10,0
rajsahu452,6,132,141,Raj Sahu,0,0,0,17,2,1,0
raj_singh_782,1,68,22,rajsingh,0,0,0,8,1,1,1
ram.pareek.180410,1,50,75,Ram Pareek,0,0,0,12,0,1,0
rameshchandra383,2,86,24,Ramesh Chandra,0,0,0,4,0,1,0
rameshmali8055,11,1206,291,ramesh mali 8055@,0,0,0,962,11,67,1
ramesh_babu4191,1,308,188,Ramesh babu,0,0,0,710,24,26,0
ramlalkumar30783,6,80,49,R K Kumar,0,0,0,20,3,1,0
raushan.roy.58367116,0,2,44,Raushan Roy,0,0,0,3,0,1,0
ravindra.joshi.54772,5,256,264,Ravindra joshi,0,0,0,806,88,18,0
regar.omprakash,1,140,76,Omprakash regar,0,0,0,55,2,9,0
reyan906agnihot,2,15,41,Reyansh Agnihotri,0,0,0,56,10,8,0
ribeiro_r79,0,719,95,Robert Ribeiro,0,0,0,24,3,2,0
rimma_zhanbolatova,0,52,54,Rimma_600306,0,0,1,157,12,8,1
rizwaninamdar1434,2,191,129,Rizwan inamdar,0,0,0,433,8,20,0
rkkumar3057,7,43,50,R K Kumar,0,0,0,11,3,1,0
ronak_barot_12345,0,46,28,ronak barot 12345,0,0,0,11,3,4,0
roy01ajit,0,368,191,Ajit Roy,0,0,0,177,2,4,0
rubinanoser,1,30,26,Rubina noser,0,0,0,33,2,15,1
sanjureddy1431,2,286,66,Rowdy fellow 446,0,0,0,141,10,22,0
sanwar.ojha,8,998,268,sanwar ojha,0,0,0,596,30,24,1
sappu__bishnoi6729,1,156,88,sappu__bishnoi,0,1,0,296,19,16,0
saran.official1,2,34,18,saran.official,0,0,0,1,0,1,0
sarowargautam777,0,95,43,sarowarthakur,0,0,0,30,0,9,0
satu.mali.9277,2,21,24,Satu Mali,0,0,0,4,1,1,0
satyakumar230,5,168,57,satya kumar,0,0,0,59,8,8,1
senthil.krish,0,95,107,Senthil Krish,0,0,0,51,0,2,0
shamsham8384,1,35,33,Sham Sham,0,0,0,15,2,2,0
shankarrawat1312,1,4,4,Shankar Singh Rawat,0,0,0,0,0,1,0
sharawan_gurjar,3,2320,1012,Sharwan Gurjar,0,0,0,6905,278,163,1
sharma_mohit1830,10,205,254,sharma mohit,0,0,0,450,10,19,0
slawa433,1,300,85,slawa,0,0,0,89,1,1,0
smpmali,1,101,33,S M P Mali,0,0,0,33,2,5,0
sohelsinghaniya,0,31,62,Sohel Singhaniya,0,0,0,26,0,2,0
soumyaranjan_somu85,1,102,61,Soumya Ranjan Gahan,0,0,0,64,6,7,0
sr.inu2277,1,98,18,srinu 143,0,0,1,13,1,7,1
srameshpratap,0,680,232,Ramesh Pratap Singh,0,0,0,6878,98,923,0
stejpalsaini,0,52,53,Tejpal Saini Saini,0,0,0,51,1,3,0
sudhir_dadhich,9,986,265,@sudhir dadhich,0,0,0,596,22,24,1
sumanloks_gehlot,2,26,72,Suman Lokesh Gehlot,0,0,0,63,2,4,0
surovi.surovi.988711,0,95,32,SurobhiBouri,0,0,0,39,2,4,0
sury489,0,560,336,Sury Dev,0,0,0,646,63,7,1
suryabhai_47,3,244,45,Surya bhai,0,0,0,48,4,8,0
tanishq.bhai,0,114,48,Tanishq Bhai,0,0,0,9,2,1,0
teboubel,0,1541,153,ubel tebo,0,0,1,161,1,9,1
theasifkhan07,0,334,399,ASIFKHAN (Ø¢ØµÙ Ø®Ø§Ù†),0,0,0,11974,248,145,0
tonmeitei,1,134,46,Wahengbam Ton Meitei,0,1,0,12,0,1,0
tousif5185,4,141,48,Tousif Mulla,0,0,0,10,0,1,0
upadhayay5669,11,143,79,Rahul Upadhayay,0,0,0,65,5,3,0
vaasu_yadav,5,89,28,Vaasu Yadav,0,0,0,28,1,5,0
vaibhavkumar00002,0,65,80,Vaibhav Kumar,0,0,0,147,5,6,0
valov874,2,128,52,Ğ’ÑÑ‡ĞµÑĞ»Ğ°Ğ² Ğ’Ğ°Ğ»Ğ¾Ğ²,0,0,0,16,3,1,0
vigneshvignesh3562,1,47,30,Vignesh,0,0,0,3,0,5,0
villein.e,3,74,18,Ek villein,0,0,0,6,0,2,0
vinaychouhan724,2,29,32,Vinay Chouhan,0,0,0,3,1,1,0
vipul.vipul.9615,0,73,57,Vipul Mishra,0,0,0,72,4,5,0
virender.pundir.12,1,231,81,akash pundir,0,0,0,148,11,13,1
wybq3744,1,29,36,ÙˆÙŠØ¨Ù‚Ù‰ Ø§Ù„Ø§Ù…Ù„,0,0,0,14,0,7,0
x_justin_walker,0,234,42,* JUSTIN WALKER*,0,0,0,91,1,23,0
yaseen.mulla.3760,1,11,36,Yaseen Mulla,0,0,0,4,0,1,0
yogesh.nath.5268,3,97,49,Yogesh Nath,0,0,0,7,1,1,0
